[
    { "value": "amber", "label": "Amber", "short_code": "AMBE" },
    { "value": "amethyst", "label": "Amethyst", "short_code": "AMET" },
    { "value": "aqua", "label": "Aqua", "short_code": "AQUA" },
    { "value": "ash", "label": "Ash", "short_code": "ASH" },
    { "value": "azure", "label": "Azure", "short_code": "AZUR" },
    { "value": "puce pink", "label": "Puce Pink", "short_code": "PUPK" },
    { "value": "orhre yellow", "label": "Orhre Yellow", "short_code": "OCYL" },
    { "value": "beige", "label": "Beige", "short_code": "BGE" },
    { "value": "black", "label": "Black", "short_code": "BLK" },
    { "value": "bottle_green", "label": "Bottle Green", "short_code": "BGN" },
    { "value": "bronze", "label": "Bronze", "short_code": "BRONZ" },
    { "value": "brown", "label": "Brown", "short_code": "BRN" },
    { "value": "burgundy", "label": "Burgundy", "short_code": "BURG" },
    { "value": "charcoal", "label": "Charcoal", "short_code": "CHAR" },
    { "value": "cherry", "label": "Cherry", "short_code": "CHER" },
    { "value": "cobalt", "label": "Cobalt", "short_code": "COBA" },
    { "value": "coffee", "label": "Coffee", "short_code": "COFF" },
    { "value": "coral", "label": "Coral", "short_code": "CORA" },
    { "value": "cream", "label": "Cream", "short_code": "CRM" },
    { "value": "cyan", "label": "Cyan", "short_code": "CYAN" },
    { "value": "dark_blue", "label": "Dark Blue", "short_code": "DABL" },
    { "value": "dark_green", "label": "Dark Green", "short_code": "DGN" },
    { "value": "dark_grey", "label": "Dark Grey", "short_code": "DGY" },
    { "value": "dusty_pink", "label": "Dusty Pink", "short_code": "DUPK" },
    { "value": "flamingo", "label": "Flamingo", "short_code": "FLAM" },
    { "value": "forest_green", "label": "Forest Green", "short_code": "FOGN" },
    { "value": "fuchsia", "label": "Fuchsia", "short_code": "FUCH" },
    { "value": "gold", "label": "Gold", "short_code": "GOLD" },
    { "value": "grey", "label": "Grey", "short_code": "GREY" },
    { "value": "ivory", "label": "Ivory", "short_code": "IVOR" },
    { "value": "jade", "label": "Jade", "short_code": "JADE" },
    { "value": "khaki", "label": "Khaki", "short_code": "KKI" },
    { "value": "lavender", "label": "Lavender", "short_code": "LAVE" },
    { "value": "lavender_grey", "label": "Lavender Grey", "short_code": "LAGR" },
    { "value": "lemon", "label": "Lemon", "short_code": "LEMO" },
    { "value": "lemon_yellow", "label": "Lemon Yellow", "short_code": "LMY" },
    { "value": "light_blue", "label": "Light Blue", "short_code": "LIBL" },
    { "value": "light_green", "label": "Light Green", "short_code": "LGN" },
    { "value": "light_grey", "label": "Light Grey", "short_code": "LGY" },
    { "value": "lime", "label": "Lime", "short_code": "LIME" },
    { "value": "living_coral", "label": "Living Coral", "short_code": "LICO" },
    { "value": "magenta", "label": "Magenta", "short_code": "MAGE" },
    { "value": "maroon", "label": "Maroon", "short_code": "MRN" },
    { "value": "mauve", "label": "Mauve", "short_code": "MAUV" },
    { "value": "mint_green", "label": "Mint Green", "short_code": "MIGN" },
    { "value": "multicolor", "label": "Multicolor", "short_code": "MLT" },
    { "value": "mustard", "label": "Mustard", "short_code": "MUST" },
    { "value": "navy_blue", "label": "Navy Blue", "short_code": "NBL" },
    { "value": "off_white", "label": "Off White", "short_code": "OFWH" },
    { "value": "olive", "label": "Olive", "short_code": "OLIV" },
    { "value": "olive_drab", "label": "Olive Drab", "short_code": "OLDR" },
    { "value": "orange", "label": "Orange", "short_code": "ORG" },
    { "value": "pastel_purple", "label": "Pastel Purple", "short_code": "PAPU" },
    { "value": "peach", "label": "Peach", "short_code": "PEAC" },
    { "value": "pale_pink", "label": "Pale Pink", "short_code": "PPK" },
    { "value": "peach_pink", "label": "Peach Pink", "short_code": "PHPK" },
    { "value": "pearl_pink", "label": "Pearl Pink", "short_code": "PEPK" },
    { "value": "periwinkle", "label": "Periwinkle", "short_code": "PERI" },
    { "value": "pink", "label": "Pink", "short_code": "PINK" },
    { "value": "pista", "label": "Pista", "short_code": "PIST" },
    { "value": "pista_green", "label": "Pista Green", "short_code": "PGN" },
    { "value": "plum", "label": "Plum", "short_code": "PLUM" },
    { "value": "purple", "label": "Purple", "short_code": "PURP" },
    { "value": "raspberry", "label": "Raspberry", "short_code": "RASP" },
    { "value": "red", "label": "Red", "short_code": "RD" },
    { "value": "rose", "label": "Rose", "short_code": "ROSE" },
    { "value": "royal_blue", "label": "Royal Blue", "short_code": "RBL" },
    { "value": "saffron", "label": "Saffron", "short_code": "SAFR" },
    { "value": "salmon", "label": "Salmon", "short_code": "SALM" },
    { "value": "sea_green", "label": "Sea Green", "short_code": "SEGR" },
    { "value": "silver", "label": "Silver", "short_code": "SILV" },
    { "value": "sky_blue", "label": "Sky Blue", "short_code": "SKBL" },
    { "value": "slate_blue", "label": "Slate Blue", "short_code": "SLBL" },
    { "value": "steel_blue", "label": "Steel Blue", "short_code": "STBL" },
    { "value": "taupe", "label": "Taupe", "short_code": "TAUP" },
    { "value": "teal", "label": "Teal", "short_code": "TEAL" },
    { "value": "teal_blue", "label": "Teal Blue", "short_code": "TBL" },
    { "value": "terracotta", "label": "Terracotta", "short_code": "TERR" },
    { "value": "turmeric_yellow", "label": "Turmeric Yellow", "short_code": "TUYE" },
    { "value": "turquoise", "label": "Turquoise", "short_code": "TURQ" },
    { "value": "umber", "label": "Umber", "short_code": "UMBE" },
    { "value": "vermilion", "label": "Vermilion", "short_code": "VERM" },
    { "value": "white", "label": "White", "short_code": "WHIT" },
    { "value": "wine", "label": "Wine", "short_code": "WNE" },
    { "value": "yellow", "label": "Yellow", "short_code": "YLW" },
    { "value": "beige_and_white", "label": "Beige & White", "short_code": "BEXWH" },
    { "value": "black_and_gold", "label": "Black & Gold", "short_code": "BKXGO" },
    { "value": "black_and_silver", "label": "Black & Silver", "short_code": "BKXSI" },
    { "value": "black_and_white", "label": "Black & White", "short_code": "BKXWH" },
    { "value": "blue_and_yellow", "label": "Blue & Yellow", "short_code": "BLXYE" },
    { "value": "brown_and_white", "label": "Brown & White", "short_code": "BRXWH" },
    { "value": "burgundy_and_cream", "label": "Burgundy & Cream", "short_code": "BUXCR" },
    { "value": "dark_blue_and_grey", "label": "Dark Blue & Grey", "short_code": "DBXGR" },
    { "value": "dark_grey_and_white", "label": "Dark Grey & White", "short_code": "DGXWH" },
    { "value": "gold_and_white", "label": "Gold & White", "short_code": "GOXWH" },
    { "value": "green_and_pink", "label": "Green & Pink", "short_code": "GNXPI" },
    { "value": "lavender_and_white", "label": "Lavender & White", "short_code": "LAXWH" },
    { "value": "light_grey_and_white", "label": "Light Grey & White", "short_code": "LGXWH" },
    { "value": "maroon_and_white", "label": "Maroon & White", "short_code": "MAXWH" },
    { "value": "navy_and_silver", "label": "Navy & Silver", "short_code": "NAXSI" },
    { "value": "peach_and_black", "label": "Peach & Black", "short_code": "PEXBK" },
    { "value": "pink_and_grey", "label": "Pink & Grey", "short_code": "PIXGY" },
    { "value": "purple_and_gold", "label": "Purple & Gold", "short_code": "PUXGO" },
    { "value": "red_and_black", "label": "Red & Black", "short_code": "RDXBK" },
    { "value": "rose_and_white", "label": "Rose & White", "short_code": "ROXWH" },
    { "value": "sky_blue_and_grey", "label": "Sky Blue & Grey", "short_code": "SBXGY" },
    { "value": "sky_blue_and_white", "label": "Sky Blue & White", "short_code": "SKXWH" },
    { "value": "turquoise_and_white", "label": "Turquoise & White", "short_code": "TUXWH" },
    { "value": "white_and_blue", "label": "White & Blue", "short_code": "WHXBL"}
]
